Day of created_at_local,Id (Hist Views),id (hist_projects),project_id,username,action_view,created_at_local,Name (Hist Views),Name (Hist Workbooks),Site,Action,Created At,Day of the week,Number of Records,tz_offset_days
2022년 3월 10일,3566,4,4,5947,Access View,2022-03-10 오전 8:31:08,재해 현황,안전 현황,Default,Access View ,2022-03-09 오후 11:31:08,Thursday,1,0.375
2022년 3월 10일,3569,4,4,5947,Access View,2022-03-10 오전 8:39:39,현장/협력사별 재해 현황,안전 현황,Default,Access View ,2022-03-09 오후 11:39:39,Thursday,1,0.375
2022년 3월 10일,3566,4,4,5947,Access View,2022-03-10 오전 8:40:21,재해 현황,안전 현황,Default,Access View ,2022-03-09 오후 11:40:21,Thursday,1,0.375
2022년 3월 10일,3567,4,4,5947,Access View,2022-03-10 오전 8:43:32,재해 추이,안전 현황,Default,Access View ,2022-03-09 오후 11:43:32,Thursday,1,0.375
2022년 3월 10일,3568,4,4,5947,Access View,2022-03-10 오전 8:44:59,재해 유형,안전 현황,Default,Access View ,2022-03-09 오후 11:44:59,Thursday,1,0.375
2022년 3월 10일,3569,4,4,5947,Access View,2022-03-10 오전 8:45:27,현장/협력사별 재해 현황,안전 현황,Default,Access View ,2022-03-09 오후 11:45:27,Thursday,1,0.375
2022년 3월 10일,3567,4,4,5947,Access View,2022-03-10 오전 8:47:52,재해 추이,안전 현황,Default,Access View ,2022-03-09 오후 11:47:52,Thursday,1,0.375
2022년 3월 10일,3568,4,4,5947,Access View,2022-03-10 오전 8:48:04,재해 유형,안전 현황,Default,Access View ,2022-03-09 오후 11:48:04,Thursday,1,0.375
2022년 3월 10일,3566,4,4,5947,Access View,2022-03-10 오전 8:48:13,재해 현황,안전 현황,Default,Access View ,2022-03-09 오후 11:48:13,Thursday,1,0.375
2022년 3월 10일,3569,4,4,5947,Access View,2022-03-10 오전 8:48:14,현장/협력사별 재해 현황,안전 현황,Default,Access View ,2022-03-09 오후 11:48:14,Thursday,1,0.375
2022년 3월 10일,3566,4,4,5947,Access View,2022-03-10 오전 9:06:25,재해 현황,안전 현황,Default,Access View ,2022-03-10 오전 12:06:25,Thursday,1,0.375
2022년 3월 10일,3567,4,4,5947,Access View,2022-03-10 오전 9:33:52,재해 추이,안전 현황,Default,Access View ,2022-03-10 오전 12:33:52,Thursday,1,0.375
2022년 3월 10일,3568,4,4,5947,Access View,2022-03-10 오전 9:33:58,재해 유형,안전 현황,Default,Access View ,2022-03-10 오전 12:33:58,Thursday,1,0.375
2022년 3월 10일,3566,4,4,5947,Access View,2022-03-10 오전 9:37:37,재해 현황,안전 현황,Default,Access View ,2022-03-10 오전 12:37:37,Thursday,1,0.375
2022년 3월 10일,3569,4,4,5947,Access View,2022-03-10 오전 9:38:29,현장/협력사별 재해 현황,안전 현황,Default,Access View ,2022-03-10 오전 12:38:29,Thursday,1,0.375
2022년 3월 10일,3566,4,4,5947,Access View,2022-03-10 오전 9:38:37,재해 현황,안전 현황,Default,Access View ,2022-03-10 오전 12:38:37,Thursday,1,0.375
2022년 3월 10일,3566,4,4,5947,Access View,2022-03-10 오전 9:40:14,재해 현황,안전 현황,Default,Access View ,2022-03-10 오전 12:40:14,Thursday,1,0.375
2022년 3월 10일,3566,4,4,5947,Access View,2022-03-10 오전 9:46:48,재해 현황,안전 현황,Default,Access View ,2022-03-10 오전 12:46:48,Thursday,1,0.375
2022년 3월 10일,3569,4,4,5947,Access View,2022-03-10 오전 9:47:42,현장/협력사별 재해 현황,안전 현황,Default,Access View ,2022-03-10 오전 12:47:42,Thursday,1,0.375
2022년 3월 10일,3566,4,4,5947,Access View,2022-03-10 오전 9:50:02,재해 현황,안전 현황,Default,Access View ,2022-03-10 오전 12:50:02,Thursday,1,0.375
2022년 3월 10일,3567,4,4,5947,Access View,2022-03-10 오전 9:51:10,재해 추이,안전 현황,Default,Access View ,2022-03-10 오전 12:51:10,Thursday,1,0.375
2022년 3월 10일,3568,4,4,5947,Access View,2022-03-10 오전 9:51:16,재해 유형,안전 현황,Default,Access View ,2022-03-10 오전 12:51:16,Thursday,1,0.375
2022년 3월 10일,3566,4,4,5947,Access View,2022-03-10 오전 9:51:51,재해 현황,안전 현황,Default,Access View ,2022-03-10 오전 12:51:51,Thursday,1,0.375
2022년 3월 10일,3569,4,4,5947,Access View,2022-03-10 오전 9:52:13,현장/협력사별 재해 현황,안전 현황,Default,Access View ,2022-03-10 오전 12:52:13,Thursday,1,0.375
2022년 3월 10일,3566,4,4,5947,Access View,2022-03-10 오전 9:52:23,재해 현황,안전 현황,Default,Access View ,2022-03-10 오전 12:52:23,Thursday,1,0.375
2022년 3월 10일,3567,4,4,5947,Access View,2022-03-10 오전 9:52:35,재해 추이,안전 현황,Default,Access View ,2022-03-10 오전 12:52:35,Thursday,1,0.375
2022년 3월 10일,3567,4,4,5947,Access View,2022-03-10 오전 9:54:14,재해 추이,안전 현황,Default,Access View ,2022-03-10 오전 12:54:14,Thursday,1,0.375
2022년 3월 10일,3568,4,4,5947,Access View,2022-03-10 오전 9:55:19,재해 유형,안전 현황,Default,Access View ,2022-03-10 오전 12:55:19,Thursday,1,0.375
2022년 3월 10일,3569,4,4,5947,Access View,2022-03-10 오전 10:01:23,현장/협력사별 재해 현황,안전 현황,Default,Access View ,2022-03-10 오전 1:01:23,Thursday,1,0.375
2022년 3월 10일,3566,4,4,5947,Access View,2022-03-10 오전 10:01:48,재해 현황,안전 현황,Default,Access View ,2022-03-10 오전 1:01:48,Thursday,1,0.375
2022년 3월 10일,3568,4,4,5947,Access View,2022-03-10 오전 10:01:56,재해 유형,안전 현황,Default,Access View ,2022-03-10 오전 1:01:56,Thursday,1,0.375
2022년 3월 10일,3567,4,4,5947,Access View,2022-03-10 오전 10:02:02,재해 추이,안전 현황,Default,Access View ,2022-03-10 오전 1:02:02,Thursday,1,0.375
2022년 3월 10일,3566,4,4,5947,Access View,2022-03-10 오전 10:03:38,재해 현황,안전 현황,Default,Access View ,2022-03-10 오전 1:03:38,Thursday,1,0.375
2022년 3월 10일,3567,4,4,5947,Access View,2022-03-10 오전 10:03:47,재해 추이,안전 현황,Default,Access View ,2022-03-10 오전 1:03:47,Thursday,1,0.375
2022년 3월 10일,3566,4,4,5947,Access View,2022-03-10 오전 10:03:56,재해 현황,안전 현황,Default,Access View ,2022-03-10 오전 1:03:56,Thursday,1,0.375
2022년 3월 10일,3567,4,4,5947,Access View,2022-03-10 오전 10:04:41,재해 추이,안전 현황,Default,Access View ,2022-03-10 오전 1:04:41,Thursday,1,0.375
2022년 3월 10일,3568,4,4,5947,Access View,2022-03-10 오전 10:06:42,재해 유형,안전 현황,Default,Access View ,2022-03-10 오전 1:06:42,Thursday,1,0.375
2022년 3월 10일,3569,4,4,5947,Access View,2022-03-10 오전 10:06:48,현장/협력사별 재해 현황,안전 현황,Default,Access View ,2022-03-10 오전 1:06:48,Thursday,1,0.375
2022년 3월 10일,3566,4,4,5947,Access View,2022-03-10 오전 10:06:56,재해 현황,안전 현황,Default,Access View ,2022-03-10 오전 1:06:56,Thursday,1,0.375
2022년 3월 10일,3566,4,4,5947,Access View,2022-03-10 오전 10:12:22,재해 현황,안전 현황,Default,Access View ,2022-03-10 오전 1:12:22,Thursday,1,0.375
2022년 3월 10일,3569,4,4,5947,Access View,2022-03-10 오전 10:18:12,현장/협력사별 재해 현황,안전 현황,Default,Access View ,2022-03-10 오전 1:18:12,Thursday,1,0.375
2022년 3월 10일,3573,4,4,5947,Access View,2022-03-10 오전 10:21:32,현장/협력사별 재해 현황,안전 현황,Default,Access View ,2022-03-10 오전 1:21:32,Thursday,1,0.375
2022년 3월 10일,3570,4,4,5947,Access View,2022-03-10 오전 10:21:39,재해 현황,안전 현황,Default,Access View ,2022-03-10 오전 1:21:39,Thursday,1,0.375
2022년 3월 10일,3573,4,4,5947,Access View,2022-03-10 오전 10:22:15,현장/협력사별 재해 현황,안전 현황,Default,Access View ,2022-03-10 오전 1:22:15,Thursday,1,0.375
2022년 3월 10일,3571,4,4,5947,Access View,2022-03-10 오전 10:22:16,재해 추이,안전 현황,Default,Access View ,2022-03-10 오전 1:22:16,Thursday,1,0.375
2022년 3월 10일,3572,4,4,5947,Access View,2022-03-10 오전 10:22:26,재해 유형,안전 현황,Default,Access View ,2022-03-10 오전 1:22:26,Thursday,1,0.375
2022년 3월 10일,3571,4,4,5947,Access View,2022-03-10 오전 10:22:30,재해 추이,안전 현황,Default,Access View ,2022-03-10 오전 1:22:30,Thursday,1,0.375
2022년 3월 10일,3570,4,4,5947,Access View,2022-03-10 오전 10:22:47,재해 현황,안전 현황,Default,Access View ,2022-03-10 오전 1:22:47,Thursday,1,0.375
2022년 3월 10일,3573,4,4,5947,Access View,2022-03-10 오전 10:23:21,현장/협력사별 재해 현황,안전 현황,Default,Access View ,2022-03-10 오전 1:23:21,Thursday,1,0.375
2022년 3월 10일,3577,4,4,6363,Access View,2022-03-10 오전 10:23:54,현장/협력사별 재해 현황,안전 현황,Default,Access View ,2022-03-10 오전 1:23:54,Thursday,1,0.375
2022년 3월 10일,3581,4,4,5947,Access View,2022-03-10 오전 10:25:07,현장/협력사별 재해 현황,안전 현황,Default,Access View ,2022-03-10 오전 1:25:07,Thursday,1,0.375
2022년 3월 10일,3581,4,4,5947,Access View,2022-03-10 오전 10:25:13,현장/협력사별 재해 현황,안전 현황,Default,Access View ,2022-03-10 오전 1:25:13,Thursday,1,0.375
2022년 3월 10일,3585,4,4,5947,Access View,2022-03-10 오전 10:29:15,현장/협력사별 재해 현황,안전 현황,Default,Access View ,2022-03-10 오전 1:29:15,Thursday,1,0.375
2022년 3월 10일,3585,4,4,5947,Access View,2022-03-10 오전 10:38:31,현장/협력사별 재해 현황,안전 현황,Default,Access View ,2022-03-10 오전 1:38:31,Thursday,1,0.375
2022년 3월 10일,3585,4,4,5947,Access View,2022-03-10 오전 10:39:11,현장/협력사별 재해 현황,안전 현황,Default,Access View ,2022-03-10 오전 1:39:11,Thursday,1,0.375
2022년 3월 10일,3585,4,4,6363,Access View,2022-03-10 오전 10:45:08,현장/협력사별 재해 현황,안전 현황,Default,Access View ,2022-03-10 오전 1:45:08,Thursday,1,0.375
2022년 3월 10일,3589,4,4,5947,Access View,2022-03-10 오전 10:48:57,현장/협력사별 재해 현황,안전 현황,Default,Access View ,2022-03-10 오전 1:48:57,Thursday,1,0.375
2022년 3월 10일,3589,4,4,5947,Access View,2022-03-10 오전 10:49:05,현장/협력사별 재해 현황,안전 현황,Default,Access View ,2022-03-10 오전 1:49:05,Thursday,1,0.375
2022년 3월 10일,3588,4,4,5947,Access View,2022-03-10 오전 10:49:14,재해 유형,안전 현황,Default,Access View ,2022-03-10 오전 1:49:14,Thursday,1,0.375
2022년 3월 10일,3589,4,4,5947,Access View,2022-03-10 오전 10:49:19,현장/협력사별 재해 현황,안전 현황,Default,Access View ,2022-03-10 오전 1:49:19,Thursday,1,0.375
2022년 3월 10일,3586,4,4,5947,Access View,2022-03-10 오전 10:53:07,재해 현황,안전 현황,Default,Access View ,2022-03-10 오전 1:53:07,Thursday,1,0.375
2022년 3월 10일,3587,4,4,5947,Access View,2022-03-10 오전 10:53:22,재해 추이,안전 현황,Default,Access View ,2022-03-10 오전 1:53:22,Thursday,1,0.375
2022년 3월 10일,3588,4,4,5947,Access View,2022-03-10 오전 10:53:35,재해 유형,안전 현황,Default,Access View ,2022-03-10 오전 1:53:35,Thursday,1,0.375
2022년 3월 10일,3589,4,4,5947,Access View,2022-03-10 오전 10:53:45,현장/협력사별 재해 현황,안전 현황,Default,Access View ,2022-03-10 오전 1:53:45,Thursday,1,0.375
2022년 3월 10일,3588,4,4,5947,Access View,2022-03-10 오전 10:54:33,재해 유형,안전 현황,Default,Access View ,2022-03-10 오전 1:54:33,Thursday,1,0.375
2022년 3월 10일,3589,4,4,5947,Access View,2022-03-10 오전 10:54:38,현장/협력사별 재해 현황,안전 현황,Default,Access View ,2022-03-10 오전 1:54:38,Thursday,1,0.375
2022년 3월 10일,3590,4,4,5947,Access View,2022-03-10 오후 12:53:08,재해 현황,안전 현황,Default,Access View ,2022-03-10 오전 3:53:08,Thursday,1,0.375
2022년 3월 10일,3590,4,4,6443,Access View,2022-03-10 오후 1:10:39,재해 현황,안전 현황,Default,Access View ,2022-03-10 오전 4:10:39,Thursday,1,0.375
2022년 3월 10일,3591,4,4,6443,Access View,2022-03-10 오후 1:13:33,재해 추이,안전 현황,Default,Access View ,2022-03-10 오전 4:13:33,Thursday,1,0.375
2022년 3월 10일,3590,4,4,6443,Access View,2022-03-10 오후 1:15:03,재해 현황,안전 현황,Default,Access View ,2022-03-10 오전 4:15:03,Thursday,1,0.375
2022년 3월 10일,3591,4,4,6443,Access View,2022-03-10 오후 1:15:16,재해 추이,안전 현황,Default,Access View ,2022-03-10 오전 4:15:16,Thursday,1,0.375
2022년 3월 10일,3590,4,4,6443,Access View,2022-03-10 오후 1:15:22,재해 현황,안전 현황,Default,Access View ,2022-03-10 오전 4:15:22,Thursday,1,0.375
2022년 3월 10일,3591,4,4,6443,Access View,2022-03-10 오후 1:15:40,재해 추이,안전 현황,Default,Access View ,2022-03-10 오전 4:15:40,Thursday,1,0.375
2022년 3월 10일,3592,4,4,6443,Access View,2022-03-10 오후 1:15:46,재해 유형,안전 현황,Default,Access View ,2022-03-10 오전 4:15:46,Thursday,1,0.375
2022년 3월 10일,3593,4,4,6443,Access View,2022-03-10 오후 1:16:00,현장/협력사별 재해 현황,안전 현황,Default,Access View ,2022-03-10 오전 4:16:00,Thursday,1,0.375
2022년 3월 10일,3591,4,4,6443,Access View,2022-03-10 오후 1:16:20,재해 추이,안전 현황,Default,Access View ,2022-03-10 오전 4:16:20,Thursday,1,0.375
2022년 3월 10일,3590,4,4,6443,Access View,2022-03-10 오후 1:16:32,재해 현황,안전 현황,Default,Access View ,2022-03-10 오전 4:16:32,Thursday,1,0.375
2022년 3월 10일,3591,4,4,6443,Access View,2022-03-10 오후 1:16:40,재해 추이,안전 현황,Default,Access View ,2022-03-10 오전 4:16:40,Thursday,1,0.375
2022년 3월 10일,3592,4,4,6443,Access View,2022-03-10 오후 1:16:50,재해 유형,안전 현황,Default,Access View ,2022-03-10 오전 4:16:50,Thursday,1,0.375
2022년 3월 10일,3590,4,4,6443,Access View,2022-03-10 오후 1:17:04,재해 현황,안전 현황,Default,Access View ,2022-03-10 오전 4:17:04,Thursday,1,0.375
2022년 3월 10일,3591,4,4,6443,Access View,2022-03-10 오후 1:17:18,재해 추이,안전 현황,Default,Access View ,2022-03-10 오전 4:17:18,Thursday,1,0.375
2022년 3월 10일,3593,4,4,6443,Access View,2022-03-10 오후 1:17:31,현장/협력사별 재해 현황,안전 현황,Default,Access View ,2022-03-10 오전 4:17:31,Thursday,1,0.375
2022년 3월 10일,3590,4,4,6448,Access View,2022-03-10 오후 1:22:26,재해 현황,안전 현황,Default,Access View ,2022-03-10 오전 4:22:26,Thursday,1,0.375
2022년 3월 10일,3591,4,4,6448,Access View,2022-03-10 오후 1:22:38,재해 추이,안전 현황,Default,Access View ,2022-03-10 오전 4:22:38,Thursday,1,0.375
2022년 3월 10일,3592,4,4,6448,Access View,2022-03-10 오후 1:23:52,재해 유형,안전 현황,Default,Access View ,2022-03-10 오전 4:23:52,Thursday,1,0.375
2022년 3월 10일,3593,4,4,6448,Access View,2022-03-10 오후 1:24:01,현장/협력사별 재해 현황,안전 현황,Default,Access View ,2022-03-10 오전 4:24:01,Thursday,1,0.375
2022년 3월 10일,3593,4,4,5947,Access View,2022-03-10 오후 1:32:54,현장/협력사별 재해 현황,안전 현황,Default,Access View ,2022-03-10 오전 4:32:54,Thursday,1,0.375
2022년 3월 10일,3590,4,4,5947,Access View,2022-03-10 오후 1:33:06,재해 현황,안전 현황,Default,Access View ,2022-03-10 오전 4:33:06,Thursday,1,0.375
2022년 3월 10일,3593,4,4,5947,Access View,2022-03-10 오후 1:34:36,현장/협력사별 재해 현황,안전 현황,Default,Access View ,2022-03-10 오전 4:34:36,Thursday,1,0.375
2022년 3월 10일,3590,4,4,5947,Access View,2022-03-10 오후 1:34:57,재해 현황,안전 현황,Default,Access View ,2022-03-10 오전 4:34:57,Thursday,1,0.375
2022년 3월 10일,3591,4,4,5947,Access View,2022-03-10 오후 1:37:11,재해 추이,안전 현황,Default,Access View ,2022-03-10 오전 4:37:11,Thursday,1,0.375
2022년 3월 10일,3592,4,4,5947,Access View,2022-03-10 오후 1:37:16,재해 유형,안전 현황,Default,Access View ,2022-03-10 오전 4:37:16,Thursday,1,0.375
2022년 3월 10일,3593,4,4,5947,Access View,2022-03-10 오후 1:37:22,현장/협력사별 재해 현황,안전 현황,Default,Access View ,2022-03-10 오전 4:37:22,Thursday,1,0.375
2022년 3월 10일,3590,4,4,5947,Access View,2022-03-10 오후 1:37:35,재해 현황,안전 현황,Default,Access View ,2022-03-10 오전 4:37:35,Thursday,1,0.375
2022년 3월 10일,3590,4,4,5947,Access View,2022-03-10 오후 1:46:48,재해 현황,안전 현황,Default,Access View ,2022-03-10 오전 4:46:48,Thursday,1,0.375
2022년 3월 10일,3591,4,4,5947,Access View,2022-03-10 오후 1:47:01,재해 추이,안전 현황,Default,Access View ,2022-03-10 오전 4:47:01,Thursday,1,0.375
2022년 3월 10일,3593,4,4,5947,Access View,2022-03-10 오후 1:47:17,현장/협력사별 재해 현황,안전 현황,Default,Access View ,2022-03-10 오전 4:47:17,Thursday,1,0.375
2022년 3월 10일,3590,4,4,5947,Access View,2022-03-10 오후 1:48:01,재해 현황,안전 현황,Default,Access View ,2022-03-10 오전 4:48:01,Thursday,1,0.375
2022년 3월 10일,3592,4,4,5947,Access View,2022-03-10 오후 1:48:13,재해 유형,안전 현황,Default,Access View ,2022-03-10 오전 4:48:13,Thursday,1,0.375
2022년 3월 10일,3592,4,4,5947,Access View,2022-03-10 오후 1:49:19,재해 유형,안전 현황,Default,Access View ,2022-03-10 오전 4:49:19,Thursday,1,0.375
2022년 3월 10일,3591,4,4,5947,Access View,2022-03-10 오후 1:49:26,재해 추이,안전 현황,Default,Access View ,2022-03-10 오전 4:49:26,Thursday,1,0.375
2022년 3월 10일,3592,4,4,5947,Access View,2022-03-10 오후 1:49:30,재해 유형,안전 현황,Default,Access View ,2022-03-10 오전 4:49:30,Thursday,1,0.375
2022년 3월 10일,3591,4,4,5947,Access View,2022-03-10 오후 1:49:47,재해 추이,안전 현황,Default,Access View ,2022-03-10 오전 4:49:47,Thursday,1,0.375
2022년 3월 10일,3593,4,4,5947,Access View,2022-03-10 오후 1:49:55,현장/협력사별 재해 현황,안전 현황,Default,Access View ,2022-03-10 오전 4:49:55,Thursday,1,0.375
2022년 3월 10일,3592,4,4,5947,Access View,2022-03-10 오후 1:50:06,재해 유형,안전 현황,Default,Access View ,2022-03-10 오전 4:50:06,Thursday,1,0.375
2022년 3월 10일,3591,4,4,5947,Access View,2022-03-10 오후 1:50:36,재해 추이,안전 현황,Default,Access View ,2022-03-10 오전 4:50:36,Thursday,1,0.375
2022년 3월 10일,3593,4,4,5947,Access View,2022-03-10 오후 1:50:49,현장/협력사별 재해 현황,안전 현황,Default,Access View ,2022-03-10 오전 4:50:49,Thursday,1,0.375
2022년 3월 10일,3591,4,4,5947,Access View,2022-03-10 오후 1:51:27,재해 추이,안전 현황,Default,Access View ,2022-03-10 오전 4:51:27,Thursday,1,0.375
2022년 3월 10일,3592,4,4,5947,Access View,2022-03-10 오후 1:51:30,재해 유형,안전 현황,Default,Access View ,2022-03-10 오전 4:51:30,Thursday,1,0.375
2022년 3월 10일,3592,4,4,5947,Access View,2022-03-10 오후 1:50:54,재해 유형,안전 현황,Default,Access View ,2022-03-10 오전 4:50:54,Thursday,1,0.375
2022년 3월 10일,3599,4,4,5947,Access View,2022-03-10 오후 1:53:20,재해 추이,안전 현황,Default,Access View ,2022-03-10 오전 4:53:20,Thursday,1,0.375
2022년 3월 10일,3600,4,4,5947,Access View,2022-03-10 오후 2:03:44,재해 유형,안전 현황,Default,Access View ,2022-03-10 오전 5:03:44,Thursday,1,0.375
2022년 3월 10일,3599,4,4,5947,Access View,2022-03-10 오후 2:04:36,재해 추이,안전 현황,Default,Access View ,2022-03-10 오전 5:04:36,Thursday,1,0.375
2022년 3월 10일,3600,4,4,5947,Access View,2022-03-10 오후 2:04:47,재해 유형,안전 현황,Default,Access View ,2022-03-10 오전 5:04:47,Thursday,1,0.375
2022년 3월 10일,3599,4,4,5947,Access View,2022-03-10 오후 2:05:07,재해 추이,안전 현황,Default,Access View ,2022-03-10 오전 5:05:07,Thursday,1,0.375
2022년 3월 10일,3600,4,4,5947,Access View,2022-03-10 오후 2:12:21,재해 유형,안전 현황,Default,Access View ,2022-03-10 오전 5:12:21,Thursday,1,0.375
2022년 3월 10일,3599,4,4,5947,Access View,2022-03-10 오후 2:16:49,재해 추이,안전 현황,Default,Access View ,2022-03-10 오전 5:16:49,Thursday,1,0.375
2022년 3월 10일,3600,4,4,5947,Access View,2022-03-10 오후 2:17:06,재해 유형,안전 현황,Default,Access View ,2022-03-10 오전 5:17:06,Thursday,1,0.375
2022년 3월 10일,3601,4,4,5947,Access View,2022-03-10 오후 2:17:12,현장/협력사별 재해 현황,안전 현황,Default,Access View ,2022-03-10 오전 5:17:12,Thursday,1,0.375
2022년 3월 10일,3598,4,4,5947,Access View,2022-03-10 오후 2:17:50,재해 현황,안전 현황,Default,Access View ,2022-03-10 오전 5:17:50,Thursday,1,0.375
2022년 3월 10일,3599,4,4,5947,Access View,2022-03-10 오후 2:18:11,재해 추이,안전 현황,Default,Access View ,2022-03-10 오전 5:18:11,Thursday,1,0.375
2022년 3월 10일,3601,4,4,5947,Access View,2022-03-10 오후 2:18:25,현장/협력사별 재해 현황,안전 현황,Default,Access View ,2022-03-10 오전 5:18:25,Thursday,1,0.375
2022년 3월 10일,3600,4,4,5947,Access View,2022-03-10 오후 2:19:17,재해 유형,안전 현황,Default,Access View ,2022-03-10 오전 5:19:17,Thursday,1,0.375
2022년 3월 10일,3599,4,4,5947,Access View,2022-03-10 오후 2:19:22,재해 추이,안전 현황,Default,Access View ,2022-03-10 오전 5:19:22,Thursday,1,0.375
2022년 3월 10일,3598,4,4,5947,Access View,2022-03-10 오후 2:19:28,재해 현황,안전 현황,Default,Access View ,2022-03-10 오전 5:19:28,Thursday,1,0.375
2022년 3월 10일,3599,4,4,5947,Access View,2022-03-10 오후 2:19:37,재해 추이,안전 현황,Default,Access View ,2022-03-10 오전 5:19:37,Thursday,1,0.375
2022년 3월 10일,3598,4,4,5947,Access View,2022-03-10 오후 2:19:54,재해 현황,안전 현황,Default,Access View ,2022-03-10 오전 5:19:54,Thursday,1,0.375
2022년 3월 10일,3601,4,4,5947,Access View,2022-03-10 오후 2:20:07,현장/협력사별 재해 현황,안전 현황,Default,Access View ,2022-03-10 오전 5:20:07,Thursday,1,0.375
2022년 3월 10일,3600,4,4,5947,Access View,2022-03-10 오후 2:21:08,재해 유형,안전 현황,Default,Access View ,2022-03-10 오전 5:21:08,Thursday,1,0.375
2022년 3월 10일,3599,4,4,5947,Access View,2022-03-10 오후 2:21:13,재해 추이,안전 현황,Default,Access View ,2022-03-10 오전 5:21:13,Thursday,1,0.375
2022년 3월 10일,3598,4,4,5947,Access View,2022-03-10 오후 2:21:18,재해 현황,안전 현황,Default,Access View ,2022-03-10 오전 5:21:18,Thursday,1,0.375
2022년 3월 10일,3600,4,4,5947,Access View,2022-03-10 오후 2:45:59,재해 유형,안전 현황,Default,Access View ,2022-03-10 오전 5:45:59,Thursday,1,0.375
2022년 3월 10일,3604,4,4,5947,Access View,2022-03-10 오후 2:47:25,재해 유형,안전 현황,Default,Access View ,2022-03-10 오전 5:47:25,Thursday,1,0.375
2022년 3월 10일,3602,4,4,5947,Access View,2022-03-10 오후 2:47:55,재해 현황,안전 현황,Default,Access View ,2022-03-10 오전 5:47:55,Thursday,1,0.375
2022년 3월 10일,3602,4,4,5947,Access View,2022-03-10 오후 2:55:00,재해 현황,안전 현황,Default,Access View ,2022-03-10 오전 5:55:00,Thursday,1,0.375
2022년 3월 10일,3603,4,4,5947,Access View,2022-03-10 오후 2:55:25,재해 추이,안전 현황,Default,Access View ,2022-03-10 오전 5:55:25,Thursday,1,0.375
2022년 3월 10일,3604,4,4,5947,Access View,2022-03-10 오후 2:56:13,재해 유형,안전 현황,Default,Access View ,2022-03-10 오전 5:56:13,Thursday,1,0.375
2022년 3월 10일,3603,4,4,5947,Access View,2022-03-10 오후 2:56:24,재해 추이,안전 현황,Default,Access View ,2022-03-10 오전 5:56:24,Thursday,1,0.375
2022년 3월 10일,3604,4,4,5947,Access View,2022-03-10 오후 2:57:16,재해 유형,안전 현황,Default,Access View ,2022-03-10 오전 5:57:16,Thursday,1,0.375
2022년 3월 10일,3605,4,4,5947,Access View,2022-03-10 오후 2:57:50,현장/협력사별 재해 현황,안전 현황,Default,Access View ,2022-03-10 오전 5:57:50,Thursday,1,0.375
2022년 3월 10일,3602,4,4,5947,Access View,2022-03-10 오후 2:58:18,재해 현황,안전 현황,Default,Access View ,2022-03-10 오전 5:58:18,Thursday,1,0.375
2022년 3월 10일,3602,4,4,5947,Access View,2022-03-10 오후 2:58:27,재해 현황,안전 현황,Default,Access View ,2022-03-10 오전 5:58:27,Thursday,1,0.375
2022년 3월 10일,3603,4,4,5947,Access View,2022-03-10 오후 3:01:10,재해 추이,안전 현황,Default,Access View ,2022-03-10 오전 6:01:10,Thursday,1,0.375
2022년 3월 10일,3604,4,4,5947,Access View,2022-03-10 오후 3:01:17,재해 유형,안전 현황,Default,Access View ,2022-03-10 오전 6:01:17,Thursday,1,0.375
2022년 3월 10일,3605,4,4,5947,Access View,2022-03-10 오후 3:01:52,현장/협력사별 재해 현황,안전 현황,Default,Access View ,2022-03-10 오전 6:01:52,Thursday,1,0.375
2022년 3월 10일,3605,4,4,5947,Access View,2022-03-10 오후 3:03:12,현장/협력사별 재해 현황,안전 현황,Default,Access View ,2022-03-10 오전 6:03:12,Thursday,1,0.375
2022년 3월 10일,3604,4,4,5947,Access View,2022-03-10 오후 3:03:33,재해 유형,안전 현황,Default,Access View ,2022-03-10 오전 6:03:33,Thursday,1,0.375
2022년 3월 10일,3605,4,4,5947,Access View,2022-03-10 오후 3:08:20,현장/협력사별 재해 현황,안전 현황,Default,Access View ,2022-03-10 오전 6:08:20,Thursday,1,0.375
2022년 3월 10일,3604,4,4,5947,Access View,2022-03-10 오후 3:09:27,재해 유형,안전 현황,Default,Access View ,2022-03-10 오전 6:09:27,Thursday,1,0.375
2022년 3월 10일,3604,4,4,5947,Access View,2022-03-10 오후 3:10:27,재해 유형,안전 현황,Default,Access View ,2022-03-10 오전 6:10:27,Thursday,1,0.375
2022년 3월 10일,3609,4,4,5947,Access View,2022-03-10 오후 3:23:02,현장/협력사별 재해 현황,안전 현황,Default,Access View ,2022-03-10 오전 6:23:02,Thursday,1,0.375
2022년 3월 10일,3608,4,4,5947,Access View,2022-03-10 오후 3:23:19,재해 유형,안전 현황,Default,Access View ,2022-03-10 오전 6:23:19,Thursday,1,0.375
2022년 3월 10일,3607,4,4,5947,Access View,2022-03-10 오후 3:23:25,재해 추이,안전 현황,Default,Access View ,2022-03-10 오전 6:23:25,Thursday,1,0.375
2022년 3월 10일,3606,4,4,5947,Access View,2022-03-10 오후 3:23:29,재해 현황,안전 현황,Default,Access View ,2022-03-10 오전 6:23:29,Thursday,1,0.375
2022년 3월 10일,3608,4,4,5947,Access View,2022-03-10 오후 3:23:31,재해 유형,안전 현황,Default,Access View ,2022-03-10 오전 6:23:31,Thursday,1,0.375
2022년 3월 10일,3606,4,4,5947,Access View,2022-03-10 오후 3:23:45,재해 현황,안전 현황,Default,Access View ,2022-03-10 오전 6:23:45,Thursday,1,0.375
2022년 3월 10일,3606,4,4,5947,Access View,2022-03-10 오후 3:23:58,재해 현황,안전 현황,Default,Access View ,2022-03-10 오전 6:23:58,Thursday,1,0.375
2022년 3월 10일,3607,4,4,5947,Access View,2022-03-10 오후 3:24:35,재해 추이,안전 현황,Default,Access View ,2022-03-10 오전 6:24:35,Thursday,1,0.375
2022년 3월 10일,3607,4,4,5947,Access View,2022-03-10 오후 3:24:38,재해 추이,안전 현황,Default,Access View ,2022-03-10 오전 6:24:38,Thursday,1,0.375
2022년 3월 10일,3608,4,4,5947,Access View,2022-03-10 오후 3:25:37,재해 유형,안전 현황,Default,Access View ,2022-03-10 오전 6:25:37,Thursday,1,0.375
2022년 3월 10일,3607,4,4,5947,Access View,2022-03-10 오후 3:25:43,재해 추이,안전 현황,Default,Access View ,2022-03-10 오전 6:25:43,Thursday,1,0.375
2022년 3월 10일,3608,4,4,5947,Access View,2022-03-10 오후 3:31:18,재해 유형,안전 현황,Default,Access View ,2022-03-10 오전 6:31:18,Thursday,1,0.375
2022년 3월 10일,3609,4,4,5947,Access View,2022-03-10 오후 3:32:54,현장/협력사별 재해 현황,안전 현황,Default,Access View ,2022-03-10 오전 6:32:54,Thursday,1,0.375
2022년 3월 10일,3616,4,4,5947,Access View,2022-03-10 오후 3:36:11,재해 유형,안전 현황,Default,Access View ,2022-03-10 오전 6:36:11,Thursday,1,0.375
2022년 3월 10일,3615,4,4,5947,Access View,2022-03-10 오후 3:36:18,재해 추이,안전 현황,Default,Access View ,2022-03-10 오전 6:36:18,Thursday,1,0.375
2022년 3월 10일,3617,4,4,5947,Access View,2022-03-10 오후 3:36:35,현장/협력사별 재해 현황,안전 현황,Default,Access View ,2022-03-10 오전 6:36:35,Thursday,1,0.375
2022년 3월 10일,3615,4,4,5947,Access View,2022-03-10 오후 3:36:43,재해 추이,안전 현황,Default,Access View ,2022-03-10 오전 6:36:43,Thursday,1,0.375
2022년 3월 10일,3616,4,4,5947,Access View,2022-03-10 오후 3:38:39,재해 유형,안전 현황,Default,Access View ,2022-03-10 오전 6:38:39,Thursday,1,0.375
2022년 3월 10일,3617,4,4,5947,Access View,2022-03-10 오후 3:38:47,현장/협력사별 재해 현황,안전 현황,Default,Access View ,2022-03-10 오전 6:38:47,Thursday,1,0.375
2022년 3월 10일,3617,4,4,5947,Access View,2022-03-10 오후 3:38:59,현장/협력사별 재해 현황,안전 현황,Default,Access View ,2022-03-10 오전 6:38:59,Thursday,1,0.375
2022년 3월 10일,3617,4,4,5947,Access View,2022-03-10 오후 3:39:56,현장/협력사별 재해 현황,안전 현황,Default,Access View ,2022-03-10 오전 6:39:56,Thursday,1,0.375
2022년 3월 10일,3616,4,4,5947,Access View,2022-03-10 오후 3:40:00,재해 유형,안전 현황,Default,Access View ,2022-03-10 오전 6:40:00,Thursday,1,0.375
2022년 3월 10일,3617,4,4,5947,Access View,2022-03-10 오후 3:40:05,현장/협력사별 재해 현황,안전 현황,Default,Access View ,2022-03-10 오전 6:40:05,Thursday,1,0.375
2022년 3월 10일,3616,4,4,5947,Access View,2022-03-10 오후 3:40:09,재해 유형,안전 현황,Default,Access View ,2022-03-10 오전 6:40:09,Thursday,1,0.375
2022년 3월 10일,3615,4,4,5947,Access View,2022-03-10 오후 3:40:16,재해 추이,안전 현황,Default,Access View ,2022-03-10 오전 6:40:16,Thursday,1,0.375
2022년 3월 10일,3614,4,4,5947,Access View,2022-03-10 오후 3:40:22,재해 현황,안전 현황,Default,Access View ,2022-03-10 오전 6:40:22,Thursday,1,0.375
2022년 3월 10일,3617,4,4,5947,Access View,2022-03-10 오후 3:40:26,현장/협력사별 재해 현황,안전 현황,Default,Access View ,2022-03-10 오전 6:40:26,Thursday,1,0.375
2022년 3월 10일,3616,4,4,5947,Access View,2022-03-10 오후 3:40:40,재해 유형,안전 현황,Default,Access View ,2022-03-10 오전 6:40:40,Thursday,1,0.375
2022년 3월 10일,3615,4,4,5947,Access View,2022-03-10 오후 3:40:50,재해 추이,안전 현황,Default,Access View ,2022-03-10 오전 6:40:50,Thursday,1,0.375
2022년 3월 10일,3614,4,4,5947,Access View,2022-03-10 오후 3:41:12,재해 현황,안전 현황,Default,Access View ,2022-03-10 오전 6:41:12,Thursday,1,0.375
2022년 3월 10일,3618,4,4,5947,Access View,2022-03-10 오후 3:42:20,재해 현황,안전 현황,Default,Access View ,2022-03-10 오전 6:42:20,Thursday,1,0.375
2022년 3월 10일,3618,4,4,5947,Access View,2022-03-10 오후 3:49:57,재해 현황,안전 현황,Default,Access View ,2022-03-10 오전 6:49:57,Thursday,1,0.375
2022년 3월 10일,3618,4,4,5947,Access View,2022-03-10 오후 3:50:02,재해 현황,안전 현황,Default,Access View ,2022-03-10 오전 6:50:02,Thursday,1,0.375
2022년 3월 10일,3619,4,4,5947,Access View,2022-03-10 오후 3:50:06,재해 추이,안전 현황,Default,Access View ,2022-03-10 오전 6:50:06,Thursday,1,0.375
2022년 3월 10일,3620,4,4,5947,Access View,2022-03-10 오후 3:50:10,재해 유형,안전 현황,Default,Access View ,2022-03-10 오전 6:50:10,Thursday,1,0.375
2022년 3월 10일,3621,4,4,5947,Access View,2022-03-10 오후 3:50:13,현장/협력사별 재해 현황,안전 현황,Default,Access View ,2022-03-10 오전 6:50:13,Thursday,1,0.375
2022년 3월 10일,3618,4,4,4826,Access View,2022-03-10 오후 4:25:43,재해 현황,안전 현황,Default,Access View ,2022-03-10 오전 7:25:43,Thursday,1,0.375
2022년 3월 10일,3619,4,4,4826,Access View,2022-03-10 오후 4:26:03,재해 추이,안전 현황,Default,Access View ,2022-03-10 오전 7:26:03,Thursday,1,0.375
2022년 3월 10일,3620,4,4,4826,Access View,2022-03-10 오후 4:26:10,재해 유형,안전 현황,Default,Access View ,2022-03-10 오전 7:26:10,Thursday,1,0.375
2022년 3월 10일,3621,4,4,4826,Access View,2022-03-10 오후 4:26:21,현장/협력사별 재해 현황,안전 현황,Default,Access View ,2022-03-10 오전 7:26:21,Thursday,1,0.375
2022년 3월 10일,3618,4,4,4826,Access View,2022-03-10 오후 4:26:40,재해 현황,안전 현황,Default,Access View ,2022-03-10 오전 7:26:40,Thursday,1,0.375
2022년 3월 10일,3619,4,4,4826,Access View,2022-03-10 오후 4:28:28,재해 추이,안전 현황,Default,Access View ,2022-03-10 오전 7:28:28,Thursday,1,0.375
2022년 3월 10일,3620,4,4,4826,Access View,2022-03-10 오후 4:28:34,재해 유형,안전 현황,Default,Access View ,2022-03-10 오전 7:28:34,Thursday,1,0.375
2022년 3월 10일,3621,4,4,4826,Access View,2022-03-10 오후 4:28:40,현장/협력사별 재해 현황,안전 현황,Default,Access View ,2022-03-10 오전 7:28:40,Thursday,1,0.375
2022년 3월 10일,3621,4,4,5947,Access View,2022-03-10 오후 4:59:51,현장/협력사별 재해 현황,안전 현황,Default,Access View ,2022-03-10 오전 7:59:51,Thursday,1,0.375
2022년 3월 10일,3618,4,4,5947,Access View,2022-03-10 오후 5:00:29,재해 현황,안전 현황,Default,Access View ,2022-03-10 오전 8:00:29,Thursday,1,0.375
2022년 3월 10일,3619,4,4,5947,Access View,2022-03-10 오후 5:00:38,재해 추이,안전 현황,Default,Access View ,2022-03-10 오전 8:00:38,Thursday,1,0.375
2022년 3월 10일,3620,4,4,5947,Access View,2022-03-10 오후 5:00:42,재해 유형,안전 현황,Default,Access View ,2022-03-10 오전 8:00:42,Thursday,1,0.375
2022년 3월 10일,3621,4,4,5947,Access View,2022-03-10 오후 5:00:48,현장/협력사별 재해 현황,안전 현황,Default,Access View ,2022-03-10 오전 8:00:48,Thursday,1,0.375
2022년 3월 10일,3618,4,4,6448,Access View,2022-03-10 오후 5:16:42,재해 현황,안전 현황,Default,Access View ,2022-03-10 오전 8:16:42,Thursday,1,0.375
2022년 3월 10일,3621,4,4,6448,Access View,2022-03-10 오후 5:26:53,현장/협력사별 재해 현황,안전 현황,Default,Access View ,2022-03-10 오전 8:26:53,Thursday,1,0.375
2022년 3월 10일,3618,4,4,5947,Access View,2022-03-10 오후 5:34:05,재해 현황,안전 현황,Default,Access View ,2022-03-10 오전 8:34:05,Thursday,1,0.375
2022년 3월 10일,3619,4,4,5947,Access View,2022-03-10 오후 5:38:06,재해 추이,안전 현황,Default,Access View ,2022-03-10 오전 8:38:06,Thursday,1,0.375
2022년 3월 10일,3620,4,4,5947,Access View,2022-03-10 오후 5:40:40,재해 유형,안전 현황,Default,Access View ,2022-03-10 오전 8:40:40,Thursday,1,0.375
2022년 3월 11일,3618,4,4,5947,Access View,2022-03-11 오전 8:40:04,재해 현황,안전 현황,Default,Access View ,2022-03-10 오후 11:40:04,Friday,1,0.375
2022년 3월 11일,3619,4,4,5947,Access View,2022-03-11 오전 8:41:39,재해 추이,안전 현황,Default,Access View ,2022-03-10 오후 11:41:39,Friday,1,0.375
2022년 3월 11일,3620,4,4,5947,Access View,2022-03-11 오전 8:44:47,재해 유형,안전 현황,Default,Access View ,2022-03-10 오후 11:44:47,Friday,1,0.375
2022년 3월 11일,3619,4,4,5947,Access View,2022-03-11 오전 8:46:29,재해 추이,안전 현황,Default,Access View ,2022-03-10 오후 11:46:29,Friday,1,0.375
2022년 3월 11일,3620,4,4,5947,Access View,2022-03-11 오전 8:50:11,재해 유형,안전 현황,Default,Access View ,2022-03-10 오후 11:50:11,Friday,1,0.375
2022년 3월 11일,3621,4,4,5947,Access View,2022-03-11 오전 8:56:30,현장/협력사별 재해 현황,안전 현황,Default,Access View ,2022-03-10 오후 11:56:30,Friday,1,0.375
2022년 3월 11일,3620,4,4,5947,Access View,2022-03-11 오전 9:05:40,재해 유형,안전 현황,Default,Access View ,2022-03-11 오전 12:05:40,Friday,1,0.375
2022년 3월 11일,3619,4,4,5947,Access View,2022-03-11 오전 9:08:27,재해 추이,안전 현황,Default,Access View ,2022-03-11 오전 12:08:27,Friday,1,0.375
2022년 3월 11일,3618,4,4,6363,Access View,2022-03-11 오후 1:41:43,재해 현황,안전 현황,Default,Access View ,2022-03-11 오전 4:41:43,Friday,1,0.375
2022년 3월 11일,3619,4,4,6363,Access View,2022-03-11 오후 1:41:54,재해 추이,안전 현황,Default,Access View ,2022-03-11 오전 4:41:54,Friday,1,0.375
2022년 3월 13일,3618,4,4,6448,Access View,2022-03-13 오후 7:15:00,재해 현황,안전 현황,Default,Access View ,2022-03-13 오전 10:15:00,Sunday,1,0.375
2022년 3월 13일,3619,4,4,6448,Access View,2022-03-13 오후 7:15:25,재해 추이,안전 현황,Default,Access View ,2022-03-13 오전 10:15:25,Sunday,1,0.375
2022년 3월 13일,3618,4,4,6448,Access View,2022-03-13 오후 7:55:24,재해 현황,안전 현황,Default,Access View ,2022-03-13 오전 10:55:24,Sunday,1,0.375
2022년 3월 13일,3619,4,4,6448,Access View,2022-03-13 오후 7:55:46,재해 추이,안전 현황,Default,Access View ,2022-03-13 오전 10:55:46,Sunday,1,0.375
2022년 3월 13일,3620,4,4,6448,Access View,2022-03-13 오후 7:55:59,재해 유형,안전 현황,Default,Access View ,2022-03-13 오전 10:55:59,Sunday,1,0.375
2022년 3월 13일,3621,4,4,6448,Access View,2022-03-13 오후 7:56:57,현장/협력사별 재해 현황,안전 현황,Default,Access View ,2022-03-13 오전 10:56:57,Sunday,1,0.375
2022년 3월 14일,3618,4,4,6443,Access View,2022-03-14 오전 7:43:27,재해 현황,안전 현황,Default,Access View ,2022-03-13 오후 10:43:27,Monday,1,0.375
2022년 3월 14일,3619,4,4,6443,Access View,2022-03-14 오전 7:43:46,재해 추이,안전 현황,Default,Access View ,2022-03-13 오후 10:43:46,Monday,1,0.375
2022년 3월 14일,3618,4,4,6443,Access View,2022-03-14 오전 7:44:41,재해 현황,안전 현황,Default,Access View ,2022-03-13 오후 10:44:41,Monday,1,0.375
2022년 3월 14일,3618,4,4,5947,Access View,2022-03-14 오후 1:11:30,재해 현황,안전 현황,Default,Access View ,2022-03-14 오전 4:11:30,Monday,1,0.375
2022년 3월 14일,3619,4,4,5947,Access View,2022-03-14 오후 1:11:44,재해 추이,안전 현황,Default,Access View ,2022-03-14 오전 4:11:44,Monday,1,0.375
2022년 3월 14일,3618,4,4,5947,Access View,2022-03-14 오후 1:11:50,재해 현황,안전 현황,Default,Access View ,2022-03-14 오전 4:11:50,Monday,1,0.375
2022년 3월 14일,3620,4,4,5947,Access View,2022-03-14 오후 1:11:54,재해 유형,안전 현황,Default,Access View ,2022-03-14 오전 4:11:54,Monday,1,0.375
2022년 3월 14일,3621,4,4,5947,Access View,2022-03-14 오후 1:12:00,현장/협력사별 재해 현황,안전 현황,Default,Access View ,2022-03-14 오전 4:12:00,Monday,1,0.375
2022년 3월 14일,3620,4,4,5947,Access View,2022-03-14 오후 1:22:41,재해 유형,안전 현황,Default,Access View ,2022-03-14 오전 4:22:41,Monday,1,0.375
2022년 3월 14일,3621,4,4,5947,Access View,2022-03-14 오후 1:22:45,현장/협력사별 재해 현황,안전 현황,Default,Access View ,2022-03-14 오전 4:22:45,Monday,1,0.375
2022년 3월 14일,3621,4,4,5947,Access View,2022-03-14 오후 1:26:58,현장/협력사별 재해 현황,안전 현황,Default,Access View ,2022-03-14 오전 4:26:58,Monday,1,0.375
2022년 3월 14일,3620,4,4,5947,Access View,2022-03-14 오후 1:30:23,재해 유형,안전 현황,Default,Access View ,2022-03-14 오전 4:30:23,Monday,1,0.375
2022년 3월 14일,3621,4,4,5947,Access View,2022-03-14 오후 1:30:26,현장/협력사별 재해 현황,안전 현황,Default,Access View ,2022-03-14 오전 4:30:26,Monday,1,0.375
2022년 3월 14일,3621,4,4,5947,Access View,2022-03-14 오후 1:33:18,현장/협력사별 재해 현황,안전 현황,Default,Access View ,2022-03-14 오전 4:33:18,Monday,1,0.375
2022년 3월 14일,3621,4,4,6363,Access View,2022-03-14 오후 1:35:26,현장/협력사별 재해 현황,안전 현황,Default,Access View ,2022-03-14 오전 4:35:26,Monday,1,0.375
2022년 3월 14일,3621,4,4,5947,Access View,2022-03-14 오후 1:36:10,현장/협력사별 재해 현황,안전 현황,Default,Access View ,2022-03-14 오전 4:36:10,Monday,1,0.375
2022년 3월 14일,3620,4,4,5947,Access View,2022-03-14 오후 1:39:07,재해 유형,안전 현황,Default,Access View ,2022-03-14 오전 4:39:07,Monday,1,0.375
2022년 3월 14일,3619,4,4,5947,Access View,2022-03-14 오후 1:39:13,재해 추이,안전 현황,Default,Access View ,2022-03-14 오전 4:39:13,Monday,1,0.375
2022년 3월 14일,3618,4,4,5947,Access View,2022-03-14 오후 1:39:21,재해 현황,안전 현황,Default,Access View ,2022-03-14 오전 4:39:21,Monday,1,0.375
2022년 3월 14일,3621,4,4,5947,Access View,2022-03-14 오후 1:39:25,현장/협력사별 재해 현황,안전 현황,Default,Access View ,2022-03-14 오전 4:39:25,Monday,1,0.375
2022년 3월 14일,3621,4,4,5947,Access View,2022-03-14 오후 1:43:37,현장/협력사별 재해 현황,안전 현황,Default,Access View ,2022-03-14 오전 4:43:37,Monday,1,0.375
2022년 3월 14일,3621,4,4,5947,Access View,2022-03-14 오후 1:45:10,현장/협력사별 재해 현황,안전 현황,Default,Access View ,2022-03-14 오전 4:45:10,Monday,1,0.375
2022년 3월 14일,3621,4,4,5947,Access View,2022-03-14 오후 1:46:56,현장/협력사별 재해 현황,안전 현황,Default,Access View ,2022-03-14 오전 4:46:56,Monday,1,0.375
2022년 3월 14일,3621,4,4,5947,Access View,2022-03-14 오후 1:54:41,현장/협력사별 재해 현황,안전 현황,Default,Access View ,2022-03-14 오전 4:54:41,Monday,1,0.375
2022년 3월 14일,3621,4,4,5947,Access View,2022-03-14 오후 1:55:23,현장/협력사별 재해 현황,안전 현황,Default,Access View ,2022-03-14 오전 4:55:23,Monday,1,0.375
2022년 3월 14일,3621,4,4,5947,Access View,2022-03-14 오후 1:57:14,현장/협력사별 재해 현황,안전 현황,Default,Access View ,2022-03-14 오전 4:57:14,Monday,1,0.375
2022년 3월 14일,3621,4,4,5947,Access View,2022-03-14 오후 2:01:50,현장/협력사별 재해 현황,안전 현황,Default,Access View ,2022-03-14 오전 5:01:50,Monday,1,0.375
2022년 3월 14일,3621,4,4,5947,Access View,2022-03-14 오후 2:05:30,현장/협력사별 재해 현황,안전 현황,Default,Access View ,2022-03-14 오전 5:05:30,Monday,1,0.375
2022년 3월 14일,3621,4,4,5947,Access View,2022-03-14 오후 2:10:00,현장/협력사별 재해 현황,안전 현황,Default,Access View ,2022-03-14 오전 5:10:00,Monday,1,0.375
2022년 3월 14일,3618,4,4,5947,Access View,2022-03-14 오후 2:17:02,재해 현황,안전 현황,Default,Access View ,2022-03-14 오전 5:17:02,Monday,1,0.375
2022년 3월 14일,3620,4,4,6363,Access View,2022-03-14 오후 2:17:44,재해 유형,안전 현황,Default,Access View ,2022-03-14 오전 5:17:44,Monday,1,0.375
2022년 3월 14일,3619,4,4,6363,Access View,2022-03-14 오후 2:17:49,재해 추이,안전 현황,Default,Access View ,2022-03-14 오전 5:17:49,Monday,1,0.375
2022년 3월 14일,3618,4,4,6363,Access View,2022-03-14 오후 2:17:52,재해 현황,안전 현황,Default,Access View ,2022-03-14 오전 5:17:52,Monday,1,0.375
2022년 3월 14일,3621,4,4,6363,Access View,2022-03-14 오후 2:22:56,현장/협력사별 재해 현황,안전 현황,Default,Access View ,2022-03-14 오전 5:22:56,Monday,1,0.375
2022년 3월 14일,3667,4,4,6363,Access View,2022-03-14 오후 2:42:30,현장/협력사별 재해 현황,안전 현황,Default,Access View ,2022-03-14 오전 5:42:30,Monday,1,0.375
2022년 3월 14일,3667,4,4,5947,Access View,2022-03-14 오후 2:55:46,현장/협력사별 재해 현황,안전 현황,Default,Access View ,2022-03-14 오전 5:55:46,Monday,1,0.375
2022년 3월 14일,3667,4,4,5947,Access View,2022-03-14 오후 3:00:03,현장/협력사별 재해 현황,안전 현황,Default,Access View ,2022-03-14 오전 6:00:03,Monday,1,0.375
2022년 3월 14일,3667,4,4,5947,Access View,2022-03-14 오후 3:00:53,현장/협력사별 재해 현황,안전 현황,Default,Access View ,2022-03-14 오전 6:00:53,Monday,1,0.375
2022년 3월 14일,3667,4,4,5947,Access View,2022-03-14 오후 3:05:27,현장/협력사별 재해 현황,안전 현황,Default,Access View ,2022-03-14 오전 6:05:27,Monday,1,0.375
2022년 3월 14일,3667,4,4,5947,Access View,2022-03-14 오후 3:10:42,현장/협력사별 재해 현황,안전 현황,Default,Access View ,2022-03-14 오전 6:10:42,Monday,1,0.375
2022년 3월 14일,3667,4,4,5947,Access View,2022-03-14 오후 3:16:36,현장/협력사별 재해 현황,안전 현황,Default,Access View ,2022-03-14 오전 6:16:36,Monday,1,0.375
2022년 3월 14일,3676,4,4,5947,Access View,2022-03-14 오후 3:19:11,현장/협력사별 재해 현황,안전 현황,Default,Access View ,2022-03-14 오전 6:19:11,Monday,1,0.375
2022년 3월 14일,3676,4,4,6363,Access View,2022-03-14 오후 3:20:18,현장/협력사별 재해 현황,안전 현황,Default,Access View ,2022-03-14 오전 6:20:18,Monday,1,0.375
2022년 3월 14일,3676,4,4,5947,Access View,2022-03-14 오후 3:24:41,현장/협력사별 재해 현황,안전 현황,Default,Access View ,2022-03-14 오전 6:24:41,Monday,1,0.375
2022년 3월 14일,3680,4,4,5947,Access View,2022-03-14 오후 3:27:32,현장/협력사별 재해 현황,안전 현황,Default,Access View ,2022-03-14 오전 6:27:32,Monday,1,0.375
2022년 3월 14일,3684,4,4,5947,Access View,2022-03-14 오후 3:28:50,현장/협력사별 재해 현황,안전 현황,Default,Access View ,2022-03-14 오전 6:28:50,Monday,1,0.375
2022년 3월 14일,3684,4,4,6363,Access View,2022-03-14 오후 3:29:29,현장/협력사별 재해 현황,안전 현황,Default,Access View ,2022-03-14 오전 6:29:29,Monday,1,0.375
2022년 3월 14일,3684,4,4,5947,Access View,2022-03-14 오후 3:32:29,현장/협력사별 재해 현황,안전 현황,Default,Access View ,2022-03-14 오전 6:32:29,Monday,1,0.375
2022년 3월 14일,3684,4,4,5947,Access View,2022-03-14 오후 3:36:17,현장/협력사별 재해 현황,안전 현황,Default,Access View ,2022-03-14 오전 6:36:17,Monday,1,0.375
2022년 3월 14일,3684,4,4,6363,Access View,2022-03-14 오후 3:37:56,현장/협력사별 재해 현황,안전 현황,Default,Access View ,2022-03-14 오전 6:37:56,Monday,1,0.375
2022년 3월 14일,3688,4,4,6363,Access View,2022-03-14 오후 3:51:46,현장/협력사별 재해 현황,안전 현황,Default,Access View ,2022-03-14 오전 6:51:46,Monday,1,0.375
2022년 3월 14일,3688,4,4,5947,Access View,2022-03-14 오후 3:52:18,현장/협력사별 재해 현황,안전 현황,Default,Access View ,2022-03-14 오전 6:52:18,Monday,1,0.375
2022년 3월 14일,3692,4,4,5947,Access View,2022-03-14 오후 3:56:09,현장/협력사별 재해 현황,안전 현황,Default,Access View ,2022-03-14 오전 6:56:09,Monday,1,0.375
2022년 3월 14일,3692,4,4,5947,Access View,2022-03-14 오후 3:58:08,현장/협력사별 재해 현황,안전 현황,Default,Access View ,2022-03-14 오전 6:58:08,Monday,1,0.375
2022년 3월 14일,3691,4,4,5947,Access View,2022-03-14 오후 3:58:11,재해 유형,안전 현황,Default,Access View ,2022-03-14 오전 6:58:11,Monday,1,0.375
2022년 3월 14일,3690,4,4,5947,Access View,2022-03-14 오후 3:58:18,재해 추이,안전 현황,Default,Access View ,2022-03-14 오전 6:58:18,Monday,1,0.375
2022년 3월 14일,3689,4,4,5947,Access View,2022-03-14 오후 3:58:23,재해 현황,안전 현황,Default,Access View ,2022-03-14 오전 6:58:23,Monday,1,0.375
2022년 3월 14일,3692,4,4,5947,Access View,2022-03-14 오후 3:58:32,현장/협력사별 재해 현황,안전 현황,Default,Access View ,2022-03-14 오전 6:58:32,Monday,1,0.375
2022년 3월 14일,3692,4,4,5947,Access View,2022-03-14 오후 4:00:54,현장/협력사별 재해 현황,안전 현황,Default,Access View ,2022-03-14 오전 7:00:54,Monday,1,0.375
2022년 3월 14일,3692,4,4,5947,Access View,2022-03-14 오후 4:01:03,현장/협력사별 재해 현황,안전 현황,Default,Access View ,2022-03-14 오전 7:01:03,Monday,1,0.375
2022년 3월 14일,3696,4,4,5947,Access View,2022-03-14 오후 4:15:08,현장/협력사별 재해 현황,안전 현황,Default,Access View ,2022-03-14 오전 7:15:08,Monday,1,0.375
2022년 3월 14일,3696,4,4,6363,Access View,2022-03-14 오후 4:15:11,현장/협력사별 재해 현황,안전 현황,Default,Access View ,2022-03-14 오전 7:15:11,Monday,1,0.375
2022년 3월 14일,3696,4,4,5947,Access View,2022-03-14 오후 4:16:11,현장/협력사별 재해 현황,안전 현황,Default,Access View ,2022-03-14 오전 7:16:11,Monday,1,0.375
2022년 3월 14일,3696,4,4,5947,Access View,2022-03-14 오후 4:16:34,현장/협력사별 재해 현황,안전 현황,Default,Access View ,2022-03-14 오전 7:16:34,Monday,1,0.375
2022년 3월 14일,3696,4,4,5947,Access View,2022-03-14 오후 4:19:40,현장/협력사별 재해 현황,안전 현황,Default,Access View ,2022-03-14 오전 7:19:40,Monday,1,0.375
2022년 3월 14일,3700,4,4,5947,Access View,2022-03-14 오후 4:19:46,현장/협력사별 재해 현황,안전 현황,Default,Access View ,2022-03-14 오전 7:19:46,Monday,1,0.375
2022년 3월 14일,3700,4,4,5947,Access View,2022-03-14 오후 4:19:57,현장/협력사별 재해 현황,안전 현황,Default,Access View ,2022-03-14 오전 7:19:57,Monday,1,0.375
2022년 3월 14일,3700,4,4,5947,Access View,2022-03-14 오후 4:21:34,현장/협력사별 재해 현황,안전 현황,Default,Access View ,2022-03-14 오전 7:21:34,Monday,1,0.375
2022년 3월 14일,3697,4,4,5947,Access View,2022-03-14 오후 4:24:18,재해 현황,안전 현황,Default,Access View ,2022-03-14 오전 7:24:18,Monday,1,0.375
2022년 3월 14일,3698,4,4,5947,Access View,2022-03-14 오후 4:24:25,재해 추이,안전 현황,Default,Access View ,2022-03-14 오전 7:24:25,Monday,1,0.375
2022년 3월 14일,3697,4,4,5947,Access View,2022-03-14 오후 4:24:29,재해 현황,안전 현황,Default,Access View ,2022-03-14 오전 7:24:29,Monday,1,0.375
2022년 3월 14일,3698,4,4,5947,Access View,2022-03-14 오후 4:24:52,재해 추이,안전 현황,Default,Access View ,2022-03-14 오전 7:24:52,Monday,1,0.375
2022년 3월 14일,3699,4,4,5947,Access View,2022-03-14 오후 4:25:03,재해 유형,안전 현황,Default,Access View ,2022-03-14 오전 7:25:03,Monday,1,0.375
2022년 3월 14일,3700,4,4,5947,Access View,2022-03-14 오후 4:25:10,현장/협력사별 재해 현황,안전 현황,Default,Access View ,2022-03-14 오전 7:25:10,Monday,1,0.375
2022년 3월 14일,3699,4,4,5947,Access View,2022-03-14 오후 4:25:17,재해 유형,안전 현황,Default,Access View ,2022-03-14 오전 7:25:17,Monday,1,0.375
2022년 3월 14일,3700,4,4,5947,Access View,2022-03-14 오후 4:25:28,현장/협력사별 재해 현황,안전 현황,Default,Access View ,2022-03-14 오전 7:25:28,Monday,1,0.375
2022년 3월 14일,3704,4,4,5947,Access View,2022-03-14 오후 4:28:15,현장/협력사별 재해 현황,안전 현황,Default,Access View ,2022-03-14 오전 7:28:15,Monday,1,0.375
2022년 3월 14일,3704,4,4,5947,Access View,2022-03-14 오후 4:29:41,현장/협력사별 재해 현황,안전 현황,Default,Access View ,2022-03-14 오전 7:29:41,Monday,1,0.375
2022년 3월 14일,3704,4,4,5947,Access View,2022-03-14 오후 4:29:48,현장/협력사별 재해 현황,안전 현황,Default,Access View ,2022-03-14 오전 7:29:48,Monday,1,0.375
2022년 3월 14일,3703,4,4,5947,Access View,2022-03-14 오후 4:30:36,재해 유형,안전 현황,Default,Access View ,2022-03-14 오전 7:30:36,Monday,1,0.375
2022년 3월 14일,3702,4,4,5947,Access View,2022-03-14 오후 4:30:53,재해 추이,안전 현황,Default,Access View ,2022-03-14 오전 7:30:53,Monday,1,0.375
2022년 3월 14일,3701,4,4,5947,Access View,2022-03-14 오후 4:31:23,재해 현황,안전 현황,Default,Access View ,2022-03-14 오전 7:31:23,Monday,1,0.375
2022년 3월 14일,3704,4,4,5947,Access View,2022-03-14 오후 4:31:39,현장/협력사별 재해 현황,안전 현황,Default,Access View ,2022-03-14 오전 7:31:39,Monday,1,0.375
2022년 3월 14일,3704,4,4,5947,Access View,2022-03-14 오후 4:35:17,현장/협력사별 재해 현황,안전 현황,Default,Access View ,2022-03-14 오전 7:35:17,Monday,1,0.375
2022년 3월 14일,3704,4,4,5947,Access View,2022-03-14 오후 4:35:22,현장/협력사별 재해 현황,안전 현황,Default,Access View ,2022-03-14 오전 7:35:22,Monday,1,0.375
2022년 3월 14일,3708,4,4,5947,Access View,2022-03-14 오후 4:35:28,현장/협력사별 재해 현황,안전 현황,Default,Access View ,2022-03-14 오전 7:35:28,Monday,1,0.375
2022년 3월 14일,3708,4,4,5947,Access View,2022-03-14 오후 4:36:36,현장/협력사별 재해 현황,안전 현황,Default,Access View ,2022-03-14 오전 7:36:36,Monday,1,0.375
2022년 3월 14일,3708,4,4,6363,Access View,2022-03-14 오후 5:08:26,현장/협력사별 재해 현황,안전 현황,Default,Access View ,2022-03-14 오전 8:08:26,Monday,1,0.375
2022년 3월 15일,3705,4,4,5947,Access View,2022-03-15 오후 4:31:57,재해 현황,안전 현황,Default,Access View ,2022-03-15 오전 7:31:57,Tuesday,1,0.375
2022년 3월 15일,3706,4,4,5947,Access View,2022-03-15 오후 4:32:12,재해 추이,안전 현황,Default,Access View ,2022-03-15 오전 7:32:12,Tuesday,1,0.375
2022년 3월 15일,3707,4,4,5947,Access View,2022-03-15 오후 4:32:18,재해 유형,안전 현황,Default,Access View ,2022-03-15 오전 7:32:18,Tuesday,1,0.375
2022년 3월 15일,3708,4,4,5947,Access View,2022-03-15 오후 4:32:24,현장/협력사별 재해 현황,안전 현황,Default,Access View ,2022-03-15 오전 7:32:24,Tuesday,1,0.375
2022년 3월 15일,3706,4,4,5947,Access View,2022-03-15 오후 4:35:04,재해 추이,안전 현황,Default,Access View ,2022-03-15 오전 7:35:04,Tuesday,1,0.375
2022년 3월 15일,3706,4,4,5947,Access View,2022-03-15 오후 5:06:57,재해 추이,안전 현황,Default,Access View ,2022-03-15 오전 8:06:57,Tuesday,1,0.375
2022년 3월 15일,3708,4,4,5947,Access View,2022-03-15 오후 5:08:59,현장/협력사별 재해 현황,안전 현황,Default,Access View ,2022-03-15 오전 8:08:59,Tuesday,1,0.375
2022년 3월 15일,3708,4,4,5947,Access View,2022-03-15 오후 5:10:54,현장/협력사별 재해 현황,안전 현황,Default,Access View ,2022-03-15 오전 8:10:54,Tuesday,1,0.375
2022년 3월 15일,3708,4,4,5947,Access View,2022-03-15 오후 5:12:50,현장/협력사별 재해 현황,안전 현황,Default,Access View ,2022-03-15 오전 8:12:50,Tuesday,1,0.375
2022년 3월 15일,3727,4,4,6363,Access View,2022-03-15 오후 5:43:09,현장/협력사별 재해 현황,안전 현황,Default,Access View ,2022-03-15 오전 8:43:09,Tuesday,1,0.375
2022년 3월 16일,3727,4,4,5947,Access View,2022-03-16 오전 8:43:50,현장/협력사별 재해 현황,안전 현황,Default,Access View ,2022-03-15 오후 11:43:50,Wednesday,1,0.375
2022년 3월 16일,3726,4,4,5947,Access View,2022-03-16 오전 8:48:32,재해 유형,안전 현황,Default,Access View ,2022-03-15 오후 11:48:32,Wednesday,1,0.375
2022년 3월 16일,3725,4,4,5947,Access View,2022-03-16 오전 8:48:49,재해 추이,안전 현황,Default,Access View ,2022-03-15 오후 11:48:49,Wednesday,1,0.375
2022년 3월 16일,3724,4,4,5947,Access View,2022-03-16 오전 8:50:36,재해 현황,안전 현황,Default,Access View ,2022-03-15 오후 11:50:36,Wednesday,1,0.375
2022년 3월 17일,3727,4,4,5947,Access View,2022-03-17 오전 8:38:56,현장/협력사별 재해 현황,안전 현황,Default,Access View ,2022-03-16 오후 11:38:56,Thursday,1,0.375
2022년 3월 18일,3728,4,4,6363,Access View,2022-03-18 오전 10:23:09,재해 현황,안전 현황,Default,Access View ,2022-03-18 오전 1:23:09,Friday,1,0.375
